Price,Close,MA_1,MA_7,MA_20,BB_upper,BB_lower,CCI
Ticker,EURINR=X,,,,,,
Date,,,,,,,
2023-01-02 00:00:00+00:00,88.48200225830078,88.48200225830078,,,,,
2023-01-03 00:00:00+00:00,88.30000305175781,88.30000305175781,,,,,
2023-01-04 00:00:00+00:00,87.21900177001953,87.21900177001953,,,,,
2023-01-05 00:00:00+00:00,87.6050033569336,87.6050033569336,,,,,
2023-01-06 00:00:00+00:00,86.8270034790039,86.8270034790039,,,,,
2023-01-09 00:00:00+00:00,87.5009994506836,87.5009994506836,,,,,
2023-01-10 00:00:00+00:00,88.1240005493164,88.1240005493164,87.72257341657367,,,,
2023-01-11 00:00:00+00:00,87.58200073242188,87.58200073242188,87.59400177001953,,,,
2023-01-12 00:00:00+00:00,87.80500030517578,87.80500030517578,87.52328709193638,,,,
2023-01-13 00:00:00+00:00,88.01100158691406,88.01100158691406,87.63642992292132,,,,
2023-01-16 00:00:00+00:00,87.9520034790039,87.9520034790039,87.68600136893136,,,,
2023-01-17 00:00:00+00:00,88.35299682617188,88.35299682617188,87.90400041852679,,,,
2023-01-18 00:00:00+00:00,88.00399780273438,88.00399780273438,87.97585732596261,,,,
2023-01-19 00:00:00+00:00,87.86399841308594,87.86399841308594,87.93871416364398,,,,
2023-01-20 00:00:00+00:00,87.93699645996094,87.93699645996094,87.9894278390067,,,,
2023-01-23 00:00:00+00:00,87.86199951171875,87.86199951171875,87.99757058279855,,,,
2023-01-24 00:00:00+00:00,88.54100036621094,88.54100036621094,88.07328469412667,,,,
2023-01-25 00:00:00+00:00,88.76799774169922,88.76799774169922,88.18985530308315,,,,
2023-01-26 00:00:00+00:00,88.95500183105469,88.95500183105469,88.2758560180664,,,,
2023-01-27 00:00:00+00:00,88.64199829101562,88.64199829101562,88.36699894496373,88.01670036315917,89.07410802002003,86.95929270629831,103.40464627341028
2023-01-30 00:00:00+00:00,88.51899719238281,88.51899719238281,88.46057019914899,88.01855010986328,89.07950844978762,86.95759176993894,82.30506273015261
2023-01-31 00:00:00+00:00,88.375,88.375,88.52314213344029,88.0222999572754,89.08796647804527,86.95663343650551,57.369285948829976
2023-02-01 00:00:00+00:00,88.73600006103516,88.73600006103516,88.6479993547712,88.09814987182617,89.1387296751633,87.05757006848903,102.97097236240009
2023-02-02 00:00:00+00:00,89.9469985961914,89.9469985961914,88.84885624476841,88.21524963378906,89.5165955839247,86.91390368365342,235.6725031441693
2023-02-03 00:00:00+00:00,89.39099884033203,89.39099884033203,88.93785640171596,88.34344940185547,89.57210603145707,87.11479277225386,145.72079601546562
2023-02-06 00:00:00+00:00,88.69000244140625,88.69000244140625,88.8999993460519,88.4028995513916,89.5736192555726,87.2321798472106,41.94743516076983
2023-02-07 00:00:00+00:00,88.7040023803711,88.7040023803711,88.90885707310268,88.43189964294433,89.6022648694674,87.26153441642126,39.65932945080635
2023-02-08 00:00:00+00:00,88.83100128173828,88.83100128173828,88.95342908586774,88.49434967041016,89.60556417599732,87.383135164823,52.36267252598447
2023-02-09 00:00:00+00:00,88.49800109863281,88.49800109863281,88.97100067138672,88.52899971008301,89.59187438689335,87.46612503327268,-5.278599233164922
2023-02-10 00:00:00+00:00,88.56300354003906,88.56300354003906,88.946286882673,88.55659980773926,89.59112854819166,87.52207106728686,1.1661149380728537
2023-02-13 00:00:00+00:00,88.0260009765625,88.0260009765625,88.67185865129743,88.56029968261718,89.58621757846494,87.53438178676943,-98.2887233705113
2023-02-14 00:00:00+00:00,88.5469970703125,88.5469970703125,88.55128696986607,88.56999969482422,89.59132303074068,87.54867635890776,-4.33929392563616
2023-02-15 00:00:00+00:00,88.92900085449219,88.92900085449219,88.58542960030692,88.6162498474121,89.61313696046601,87.6193627343582,60.77843978445177
2023-02-16 00:00:00+00:00,88.40399932861328,88.40399932861328,88.54257202148438,88.64324989318848,89.58190084167141,87.70459894470555,-50.44678569557151
2023-02-17 00:00:00+00:00,88.13200378417969,88.13200378417969,88.44271523611886,88.65300025939942,89.56441776657955,87.74158275221929,-112.9898477898584
2023-02-20 00:00:00+00:00,88.43299865722656,88.43299865722656,88.43342917306083,88.68155021667481,89.52161981464272,87.8414806187069,-58.820722879667805
2023-02-21 00:00:00+00:00,88.25700378417969,88.25700378417969,88.38971492222377,88.66735038757324,89.52680041058257,87.8079003645639,-92.89585278830414
2023-02-22 00:00:00+00:00,88.18499755859375,88.18499755859375,88.4124287196568,88.63820037841796,89.52246611911357,87.75393463772235,-98.05760687553048
2023-02-23 00:00:00+00:00,87.7750015258789,87.7750015258789,88.30214364188058,88.57920036315917,89.52946648526658,87.62893424105177,-165.65708332567127
2023-02-24 00:00:00+00:00,87.48600006103516,87.48600006103516,88.09600067138672,88.52140045166016,89.58897062081743,87.45383028250288,-189.35281108948467
2023-02-27 00:00:00+00:00,87.37000274658203,87.37000274658203,87.94828687395368,88.46395072937011,89.64923819631275,87.27866326242747,-173.7874065111811
2023-02-28 00:00:00+00:00,87.60600280761719,87.60600280761719,87.8731438773019,88.42550086975098,89.67128532958456,87.17971640991739,-119.06562197808837
2023-03-01 00:00:00+00:00,87.34100341796875,87.34100341796875,87.71714455740792,88.35575103759766,89.68195051970703,87.02955155548828,-134.66024371575406
2023-03-02 00:00:00+00:00,87.85399627685547,87.85399627685547,87.65957205636161,88.25110092163087,89.36133846633241,87.14086337692932,-59.0284021159566
2023-03-03 00:00:00+00:00,87.21600341796875,87.21600341796875,87.52114432198661,88.1423511505127,89.2076417705657,87.07706053045969,-137.99890464205876
2023-03-06 00:00:00+00:00,86.81600189208984,86.81600189208984,87.38414437430245,88.04865112304688,89.23401768998154,86.86328455611222,-166.08560379602483
2023-03-07 00:00:00+00:00,87.3479995727539,87.3479995727539,87.3644300188337,87.98085098266601,89.16350510385799,86.79819686147404,-84.1169502969904
2023-03-08 00:00:00+00:00,86.44000244140625,86.44000244140625,87.23157283238002,87.86130104064941,89.15982660796632,86.5627754733325,-176.7455815964618
2023-03-09 00:00:00+00:00,86.38300323486328,86.38300323486328,87.05685860770089,87.75555114746093,89.17464038268062,86.33646191224125,-157.92911657273973
2023-03-10 00:00:00+00:00,86.73500061035156,86.73500061035156,86.9702867780413,87.66415100097656,89.09964702895834,86.22865497299478,-104.980029454776
2023-03-13 00:00:00+00:00,87.1259994506836,87.1259994506836,86.86628723144531,87.61915092468261,89.06328632940654,86.17501551995869,-55.31418805134661
2023-03-14 00:00:00+00:00,88.13800048828125,88.13800048828125,86.99800109863281,87.59870109558105,88.99841505572635,86.19898713543574,62.78960850346661
2023-03-15 00:00:00+00:00,88.16899871826172,88.16899871826172,87.1912863595145,87.56070098876953,88.84484377686996,86.27655820066909,75.85715441005146
2023-03-16 00:00:00+00:00,87.66500091552734,87.66500091552734,87.236572265625,87.52375106811523,88.74679974194163,86.30070239428883,18.922270991401298
2023-03-17 00:00:00+00:00,87.61599731445312,87.61599731445312,87.40457153320312,87.49795074462891,88.68830700687975,86.30759448237806,16.67857793472585
2023-03-20 00:00:00+00:00,87.94200134277344,87.94200134277344,87.62728554861886,87.47340087890625,88.60116677140515,86.34563498640735,69.6452932300616
2023-03-21 00:00:00+00:00,88.36799621582031,88.36799621582031,87.8605706351144,87.47895050048828,88.62391355684743,86.33398744412914,130.67847302357347
2023-03-22 00:00:00+00:00,88.99600219726562,88.99600219726562,88.12771388462612,87.51950073242188,88.8170306836647,86.22197078117905,199.50065047388722
2023-03-23 00:00:00+00:00,89.625,89.625,88.34014238630023,87.61200065612793,89.21421922790964,86.00978208434623,228.81541485251316
2023-03-24 00:00:00+00:00,89.0459976196289,89.0459976196289,88.46542794363839,87.69000053405762,89.41367697170607,85.96632409640917,136.5971012554668
2023-03-27 00:00:00+00:00,88.5260009765625,88.5260009765625,88.5884279523577,87.74780044555663,89.50352604176372,85.99207484934955,74.82204783601583
2023-03-28 00:00:00+00:00,88.75399780273438,88.75399780273438,88.7509994506836,87.8052001953125,89.61561745920297,85.99478293142202,85.87192832543619
2023-03-29 00:00:00+00:00,88.98200225830078,88.98200225830078,88.89957101004464,87.8872501373291,89.75686260870127,86.01763766595694,95.11111022733067
2023-03-30 00:00:00+00:00,89.05500030517578,89.05500030517578,88.99771445138114,87.94730033874512,89.88820654970306,86.00639412778719,90.21100149167509
2023-03-31 00:00:00+00:00,89.44200134277344,89.44200134277344,89.06142861502511,88.05860023498535,90.07669667709095,86.04050379287975,109.06152895115079
2023-04-03 00:00:00+00:00,89.0260009765625,89.0260009765625,88.97585732596261,88.16910018920899,90.14223537497197,86.195965003446,70.27523016144104
2023-04-04 00:00:00+00:00,89.59700012207031,89.59700012207031,89.05457196916852,88.2815502166748,90.31313184131773,86.24996859203188,105.4053058158654
2023-04-05 00:00:00+00:00,89.89600372314453,89.89600372314453,89.25028664725167,88.45435028076172,90.41301541086945,86.49568515065398,120.93666064608708
2023-04-06 00:00:00+00:00,89.27799987792969,89.27799987792969,89.32514408656529,88.59910011291504,90.32759949145851,86.87060073437156,63.68452151711435
2023-04-07 00:00:00+00:00,89.30500030517578,89.30500030517578,89.37128666469029,88.72760009765625,90.24138282468752,87.21381737062498,61.38501351093224
2023-04-10 00:00:00+00:00,89.30599975585938,89.30599975585938,89.40714372907367,88.83660011291504,90.16773399070294,87.50546623512713,56.74415949307903
2023-04-11 00:00:00+00:00,88.31700134277344,88.31700134277344,89.24642944335938,88.84555015563964,90.15919891378368,87.5319013974956,-65.16356180572285
2023-04-12 00:00:00+00:00,89.51599884033203,89.51599884033203,89.3164291381836,88.91290016174317,90.218596681562,87.60720364192433,77.28608157395428
2023-04-13 00:00:00+00:00,90.05999755859375,90.05999755859375,89.38257162911552,89.03264999389648,90.29504417889487,87.7702558088981,143.67946248442504
2023-04-14 00:00:00+00:00,90.18699645996094,90.18699645996094,89.42414202008929,89.16119995117188,90.33682025697605,87.98557964536771,148.66621000855184
2023-04-17 00:00:00+00:00,89.90799713134766,89.90799713134766,89.51414162772042,89.25949974060059,90.32995449401929,88.18904498718189,101.35547990249906
2023-04-18 00:00:00+00:00,89.51100158691406,89.51100158691406,89.54357038225446,89.31665000915527,90.30564738884317,88.32765262946737,33.28952608093248
2023-04-19 00:00:00+00:00,90.02999877929688,90.02999877929688,89.64699881417411,89.36834983825683,90.39418907188083,88.34251060463284,107.8878806963531
2023-04-20 00:00:00+00:00,90.0979995727539,90.0979995727539,89.90142713274274,89.39199981689453,90.4635434287622,88.32045620502686,108.82470196829786
2023-04-21 00:00:00+00:00,90.01100158691406,90.01100158691406,89.97214181082589,89.44025001525878,90.53289154366303,88.34760848685454,86.21794514409385
2023-04-24 00:00:00+00:00,90.08999633789062,90.08999633789062,89.97642735072544,89.5184497833252,90.55817404586824,88.47872552078215,90.48591165563808
2023-04-25 00:00:00+00:00,90.5199966430664,90.5199966430664,90.0239988054548,89.6067497253418,90.6727454557074,88.5407539949762,140.30826626700812
2023-04-26 00:00:00+00:00,89.93699645996094,89.93699645996094,90.02814156668526,89.65449943542481,90.68771623882051,88.62128263202911,44.92647984432899
2023-04-27 00:00:00+00:00,90.22799682617188,90.22799682617188,90.13056945800781,89.71314926147461,90.73619986798154,88.69009865496768,83.30180912246124
2023-04-28 00:00:00+00:00,90.11900329589844,90.11900329589844,90.14328438895089,89.74699935913085,90.77705140714825,88.71694731111346,60.194927702089366
2023-05-01 00:00:00+00:00,89.97699737548828,89.97699737548828,90.12599836077008,89.79454917907715,90.7708607142405,88.8182376439138,32.593051144894915
2023-05-02 00:00:00+00:00,88.85299682617188,88.85299682617188,89.9605691092355,89.75734901428223,90.81837564455107,88.69632238401338,-143.0220346797689
2023-05-03 00:00:00+00:00,89.9489974975586,89.9489974975586,89.94042641775948,89.75999870300294,90.82274655832987,88.697250847676,29.758956768818095
2023-05-04 00:00:00+00:00,90.4540023803711,90.4540023803711,89.93099866594586,89.818798828125,90.89924473135207,88.73835292489792,103.16449563426852
2023-05-05 00:00:00+00:00,89.99600219726562,89.99600219726562,89.9394280569894,89.8533489227295,90.90851304991364,88.79818479554535,25.267958149692635
2023-05-08 00:00:00+00:00,89.97200012207031,89.97200012207031,89.9028570992606,89.88664894104004,90.91065788578915,88.86263999629092,16.987352359156308
2023-05-09 00:00:00+00:00,89.84500122070312,89.84500122070312,89.86371394566127,89.96304893493652,90.67416736957861,89.25193050029443,-35.41223055398447
2023-05-10 00:00:00+00:00,89.94000244140625,89.94000244140625,89.85842895507812,89.98424911499023,90.66383307200621,89.30466515797426,-15.002040324046142
2023-05-11 00:00:00+00:00,89.90399932861328,89.90399932861328,90.00857216971261,89.97644920349121,90.65595345213235,89.29694495485008,-24.52955042805052
2023-05-12 00:00:00+00:00,89.51300048828125,89.51300048828125,89.946286882673,89.94274940490723,90.64476749577582,89.24073131403864,-134.44359951844243
2023-05-15 00:00:00+00:00,89.0979995727539,89.0979995727539,89.75257219587054,89.90224952697754,90.69968349134024,89.10481556261485,-199.22602751214632
2023-05-16 00:00:00+00:00,89.36799621582031,89.36799621582031,89.66285705566406,89.89509925842285,90.70968452956092,89.08051398728477,-125.56790467602552
2023-05-17 00:00:00+00:00,89.33000183105469,89.33000183105469,89.5711430140904,89.86009941101074,90.70968085149778,89.0105179705237,-112.06188221550595
2023-05-18 00:00:00+00:00,89.27899932861328,89.27899932861328,89.49028560093471,89.81914939880372,90.69886690285108,88.93943189475635,-103.6586620189171
2023-05-19 00:00:00+00:00,89.05599975585938,89.05599975585938,89.36399950299945,89.77139930725097,90.70903658460878,88.83376202989317,-122.20275082065383
2023-05-22 00:00:00+00:00,89.49800109863281,89.49800109863281,89.30599975585938,89.74179954528809,90.67445246745888,88.8091466231173,-41.25812215032427
2023-05-23 00:00:00+00:00,89.4469985961914,89.4469985961914,89.29657091413226,89.68814964294434,90.55332350852862,88.82297577736006,-42.85583397998843
2023-05-24 00:00:00+00:00,89.125,89.125,89.30042811802456,89.64754981994629,90.53935384650526,88.75574579338732,-89.1303944695986
2023-05-25 00:00:00+00:00,88.83799743652344,88.83799743652344,89.22471400669643,89.57804985046387,90.49566631922757,88.66043338170017,-124.79097945297225
2023-05-26 00:00:00+00:00,88.6510009765625,88.6510009765625,89.12771388462612,89.50464973449706,90.47349412119706,88.53580534779707,-141.9853047849967
2023-05-29 00:00:00+00:00,87.76010131835938,87.76010131835938,88.91072845458984,89.39380493164063,90.6106375623221,88.17697230095916,-237.80484554492472
2023-05-30 00:00:00+00:00,88.3740005493164,88.3740005493164,88.81329999651227,89.36985511779785,90.6487768299229,88.09093340567281,-137.75482016256288
2023-05-31 00:00:00+00:00,88.66600036621094,88.66600036621094,88.69444274902344,89.30570526123047,90.59100637898108,88.02040414347987,-86.95929038189061
2023-06-01 00:00:00+00:00,88.322998046875,88.322998046875,88.53387124197823,89.19915504455567,90.43604956820263,87.9622605209087,-119.17348000101019
2023-06-02 00:00:00+00:00,88.44999694824219,88.44999694824219,88.43744223458427,89.12185478210449,90.34219374748056,87.90151581672842,-91.77260989586814
2023-06-05 00:00:00+00:00,88.13500213623047,88.13500213623047,88.33701433454242,89.0300048828125,90.2574311262886,87.80257863933642,-118.3175579682397
2023-06-06 00:00:00+00:00,88.2979965209961,88.2979965209961,88.28658512660435,88.95265464782715,90.15862123146331,87.74668806419098,-85.93348101509653
2023-06-07 00:00:00+00:00,88.19000244140625,88.19000244140625,88.3479995727539,88.86515464782715,90.02245148701721,87.7078578086371,-90.62841561533959
2023-06-08 00:00:00+00:00,88.37899780273438,88.37899780273438,88.34871346609933,88.78890457153321,89.85540051630629,87.72240862676013,-58.60480184298703
2023-06-09 00:00:00+00:00,88.9000015258789,88.9000015258789,88.38214220319476,88.75825462341308,89.77101051453405,87.7454987322921,21.69150430043306
2023-06-12 00:00:00+00:00,88.54000091552734,88.54000091552734,88.41314261300224,88.73035469055176,89.73440897473962,87.7263004063639,-29.734854122082083
2023-06-13 00:00:00+00:00,88.62300109863281,88.62300109863281,88.43785749162946,88.69310493469239,89.65180811243334,87.73440175695143,-11.897654263968052
2023-06-14 00:00:00+00:00,88.65299987792969,88.65299987792969,88.51185716901507,88.65925483703613,89.56987465441392,87.74863501965834,-1.1796380812519758
2023-06-15 00:00:00+00:00,88.88099670410156,88.88099670410156,88.5951429094587,88.63935470581055,89.50944254921235,87.76926686240874,48.501317333909114
2023-06-16 00:00:00+00:00,89.58699798583984,89.58699798583984,88.79471370152065,88.66590461730956,89.61805871748801,87.71375051713112,169.8765045411511
2023-06-19 00:00:00+00:00,89.55899810791016,89.55899810791016,88.96328517368862,88.66895446777343,89.63265164578135,87.70525728976551,162.37335524667722
2023-06-20 00:00:00+00:00,89.40399932861328,89.40399932861328,89.03528485979352,88.66680450439453,89.623358519884,87.71025048890507,135.52523081924812
2023-06-21 00:00:00+00:00,89.45500183105469,89.45500183105469,89.16599927629743,88.68330459594726,89.6835251905367,87.68308400135783,133.94519018526282
2023-06-22 00:00:00+00:00,89.98899841308594,89.98899841308594,89.36114174979073,88.7408546447754,89.89859856578641,87.58311072376438,181.32355230422567
2023-06-23 00:00:00+00:00,89.7229995727539,89.7229995727539,89.51399884905133,88.79445457458496,90.03124482739611,87.55766432177381,120.37865401420436
2023-06-26 00:00:00+00:00,89.2249984741211,89.2249984741211,89.56314195905414,88.86769943237304,90.01698051858088,87.71841834616521,48.47660705258961
2023-06-27 00:00:00+00:00,89.38099670410156,89.38099670410156,89.53371320452008,88.91804924011231,90.06449057710547,87.77160790311915,61.99169642918167
2023-06-28 00:00:00+00:00,89.77899932861328,89.77899932861328,89.56514195033482,88.97369918823242,90.17534935595846,87.77204902050637,100.56138324098977
2023-06-29 00:00:00+00:00,89.4800033569336,89.4800033569336,89.5759996686663,89.03154945373535,90.21252351362128,87.85057539384943,56.76812878056412
2023-06-30 00:00:00+00:00,89.10299682617188,89.10299682617188,89.52571323939732,89.06419944763184,90.21314905363957,87.9152498416241,5.195014818728053
2023-07-03 00:00:00+00:00,88.01300048828125,88.01300048828125,89.24342782156808,89.05809936523437,90.22890853885922,87.88729019160952,-138.07903665863302
2023-07-04 00:00:00+00:00,89.35199737548828,89.35199737548828,89.190427507673,89.11079940795898,90.23135809300554,87.99024072291242,34.10221149351492
2023-07-05 00:00:00+00:00,89.1240005493164,89.1240005493164,89.17599923270089,89.15749931335449,90.1909437823385,88.12405484437049,-5.315368278331242
2023-07-06 00:00:00+00:00,89.35900115966797,89.35900115966797,89.17285701206752,89.20649948120118,90.17544394735191,88.23755501505045,26.64950001939756
2023-07-07 00:00:00+00:00,90.06900024414062,90.06900024414062,89.21428571428571,89.26494941711425,90.29514533277805,88.23475350145046,135.4441656870322
2023-07-10 00:00:00+00:00,89.14900207519531,89.14900207519531,89.16699981689453,89.29539947509765,90.26986737876939,88.32093157142592,-27.169499070590344
2023-07-11 00:00:00+00:00,90.74700164794922,90.74700164794922,89.401857648577,89.40159950256347,90.51986902355425,88.28332998157269,237.53538810824963
2023-07-12 00:00:00+00:00,90.67500305175781,90.67500305175781,89.78214372907367,89.50269966125488,90.69889822660932,88.30650109590044,190.32130127244557
2023-07-13 00:00:00+00:00,91.23899841308594,91.23899841308594,90.05171530587333,89.6205997467041,91.00828562595848,88.23291386744972,221.2376770522363
2023-07-14 00:00:00+00:00,92.00499725341797,92.00499725341797,90.46328626360211,89.741499710083,91.49101566367098,87.99198375649503,239.04923105477488
2023-07-17 00:00:00+00:00,92.08399963378906,92.08399963378906,90.85257175990513,89.86774978637695,91.90291672709509,87.8325828456588,191.04572414720963
2023-07-18 00:00:00+00:00,92.13300323486328,92.13300323486328,91.14742933000836,90.00419998168945,92.26219079079848,87.74620917258042,159.05695593614442
2023-07-19 00:00:00+00:00,92.06400299072266,92.06400299072266,91.56385803222656,90.13465003967285,92.55468950526681,87.71461057407889,128.5662416228591
2023-07-20 00:00:00+00:00,91.8550033569336,91.8550033569336,91.7221439906529,90.22795028686524,92.7653799743023,87.69052059942817,98.8032251215191
2023-07-21 00:00:00+00:00,91.31500244140625,91.31500244140625,91.81357247488839,90.30755043029785,92.8779525387169,87.7371483218788,59.17977202351192
2023-07-24 00:00:00+00:00,90.22209930419922,90.22209930419922,91.66830117361886,90.35740547180175,92.87758783358042,87.83722311002309,-8.275331158654796
2023-07-25 00:00:00+00:00,90.43099975585938,90.43099975585938,91.44344438825335,90.40990562438965,92.88783696091406,87.93197428786524,1.3458526323371065
2023-07-26 00:00:00+00:00,90.37000274658203,90.37000274658203,91.19858769008091,90.43945579528808,92.89974109535179,87.97917049522438,-4.556430147457077
2023-07-27 00:00:00+00:00,90.70999908447266,90.70999908447266,90.99530138288226,90.50095558166504,92.92142826557968,88.0804828977504,14.195362348348821
2023-07-28 00:00:00+00:00,90.12899780273438,90.12899780273438,90.7188720703125,90.55225563049316,92.8900547786594,88.21445648232692,-30.326536173553137
2023-07-31 00:00:00+00:00,89.38999938964844,89.38999938964844,90.36672864641461,90.62110557556153,92.71210959856136,88.5301015525617,-95.25785866685955
2023-08-01 00:00:00+00:00,90.3550033569336,90.3550033569336,90.22958592006138,90.67125587463379,92.68061756339713,88.66189418587044,-25.982654453170003
2023-08-02 00:00:00+00:00,90.5260009765625,90.5260009765625,90.27300044468471,90.7413558959961,92.6167987526694,88.86591303932279,-19.114212958213432
2023-08-03 00:00:00+00:00,90.39299774169922,90.39299774169922,90.26757158551898,90.79305572509766,92.56203398542087,89.02407746477445,-37.33477214506645
2023-08-04 00:00:00+00:00,90.57499694824219,90.57499694824219,90.29685647147042,90.81835556030273,92.55796175067658,89.07874936992889,-23.28840108398116
2023-08-07 00:00:00+00:00,89.61599731445312,89.61599731445312,90.14057050432477,90.84170532226562,92.49748379263673,89.18592685189452,-120.11322295142269
2023-08-08 00:00:00+00:00,90.96600341796875,90.96600341796875,90.26014273507255,90.8526554107666,92.50869343924484,89.19661738228837,11.04793965880723
2023-08-09 00:00:00+00:00,90.66699981689453,90.66699981689453,90.44257136753627,90.85225524902344,92.50847788261981,89.19603261542707,-18.048251560300407
2023-08-10 00:00:00+00:00,90.88500213623047,90.88500213623047,90.5182854788644,90.83455543518066,92.48091250603974,89.18819836432158,5.07213241739418
2023-08-11 00:00:00+00:00,90.875,90.875,90.56814248221261,90.77805557250977,92.33014700673681,89.22596413828273,10.857426246453956
2023-08-14 00:00:00+00:00,90.08609771728516,90.08609771728516,90.52429962158203,90.67816047668457,92.1303042512666,89.22601670210254,-73.3968230368274
2023-08-15 00:00:00+00:00,90.64600372314453,90.64600372314453,90.53444344656808,90.60381050109864,91.88446292965567,89.3231580725416,6.1838933805466905
2023-08-16 00:00:00+00:00,90.64299774169922,90.64299774169922,90.68115779331752,90.53276023864746,91.61454689825875,89.45097357903616,19.29215822345693
2023-08-17 00:00:00+00:00,90.49099731445312,90.49099731445312,90.61329977852958,90.46455993652344,91.34941947864804,89.57970039439884,5.5270552480615525
2023-08-18 00:00:00+00:00,90.30599975585938,90.30599975585938,90.56172834123883,90.41410980224609,91.2048619425239,89.62335766196827,-25.202300295485646
2023-08-21 00:00:00+00:00,90.30500030517578,90.30500030517578,90.47887093680245,90.41825485229492,91.20563100424368,89.63087870034616,-26.82932890530573
2023-08-22 00:00:00+00:00,90.4800033569336,90.4800033569336,90.42244284493583,90.42070503234864,91.20855301390962,89.63285705078765,13.938202939577799
2023-08-23 00:00:00+00:00,90.03199768066406,90.03199768066406,90.41471426827567,90.40380477905273,91.21050780429985,89.59710175380562,-82.01817885764272
2023-08-24 00:00:00+00:00,89.59700012207031,89.59700012207031,90.26485661097935,90.34815483093261,91.21707998418925,89.47922967767597,-150.64603670208143
2023-08-25 00:00:00+00:00,89.16200256347656,89.16200256347656,90.05328587123326,90.29980506896973,91.31532363375531,89.28428650418415,-193.71455993678063
2023-08-28 00:00:00+00:00,89.0260009765625,89.0260009765625,89.84400068010602,90.28160514831544,91.37577881275108,89.18743148387979,-200.71035133463042
2023-08-29 00:00:00+00:00,89.43699645996094,89.43699645996094,89.71985735212054,90.2357048034668,91.39216180146201,89.0792478054716,-113.44062418171116
2023-08-30 00:00:00+00:00,89.59500122070312,89.59500122070312,89.61842891148159,90.18915481567383,91.37108071321643,89.00722891813123,-79.82484166366642
2023-08-31 00:00:00+00:00,90.31999969482422,90.31999969482422,89.59557124546596,90.18550491333008,91.36522913960242,89.00578068705774,18.176400323140587
2023-09-01 00:00:00+00:00,89.55400085449219,89.55400085449219,89.52728598458427,90.13445510864258,91.33144964476446,88.9374605725207,-75.80204148905308
2023-09-04 00:00:00+00:00,88.75070190429688,88.75070190429688,89.40638623918805,90.09119033813477,91.42214316315118,88.76023751311835,-160.12771903634743
2023-09-05 00:00:00+00:00,89.22200012207031,89.22200012207031,89.41495731898716,90.00399017333984,91.3220776705345,88.68590267614519,-91.65028090515573
2023-09-06 00:00:00+00:00,89.03700256347656,89.03700256347656,89.4165289742606,89.92249031066895,91.26922697360166,88.57575364773624,-99.68836073702207
2023-09-07 00:00:00+00:00,89.17900085449219,89.17900085449219,89.37967245919364,89.83719024658203,91.14271686547647,88.53166362768758,-75.49522019315185
2023-09-08 00:00:00+00:00,88.85800170898438,88.85800170898438,89.27438681466239,89.73634033203125,91.01566958290118,88.45701108116131,-103.05447854302778
2023-09-11 00:00:00+00:00,87.8093032836914,87.8093032836914,88.91571589878627,89.62250061035157,91.15160063737926,88.09340058332387,-193.62473905688736
2023-09-12 00:00:00+00:00,89.09100341796875,89.09100341796875,88.84957340785435,89.54475059509278,91.01159303891738,88.07790815126818,-51.484728962760414
2023-09-13 00:00:00+00:00,89.00700378417969,89.00700378417969,88.88618796212333,89.4629508972168,90.85234138171302,88.07356041272058,-55.13157285994784
2023-09-14 00:00:00+00:00,88.97100067138672,88.97100067138672,88.85033089773995,89.38695106506347,90.70396876557163,88.06993336455531,-53.913386706838395
2023-09-15 00:00:00+00:00,88.22799682617188,88.22799682617188,88.73475864955357,89.28305091857911,90.6224666462201,87.94363519093811,-139.12699972101814
2023-09-18 00:00:00+00:00,88.50399780273438,88.50399780273438,88.6383296421596,89.19300079345703,90.48443219369715,87.90156939321692,-97.87683703992717
2023-09-19 00:00:00+00:00,88.96299743652344,88.96299743652344,88.65332903180804,89.11715049743653,90.25995288307286,87.9743481118002,-25.41486822903785
2023-09-20 00:00:00+00:00,88.79100036621094,88.79100036621094,88.79357147216797,89.05510063171387,90.12092494454372,87.98927631888402,-48.09124627036968
2023-09-21 00:00:00+00:00,88.41799926757812,88.41799926757812,88.69742802211216,88.99615058898925,90.06618776516895,87.92611341280956,-104.95556824458723
2023-09-22 00:00:00+00:00,88.2770004272461,88.2770004272461,88.5931418282645,88.95190048217773,90.06537409314939,87.83842687120608,-113.07124880007875
2023-09-25 00:00:00+00:00,88.375,88.375,88.50799887520927,88.9193504333496,90.06139796766894,87.77730289903027,-85.12487057366666
2023-09-26 00:00:00+00:00,87.86199951171875,87.86199951171875,88.4557135445731,88.8406005859375,90.04771088079973,87.63349029107526,-143.3719832487961
2023-09-27 00:00:00+00:00,87.95600128173828,87.95600128173828,88.37742832728794,88.75865058898925,89.97263724243881,87.5446639355397,-115.12827716423955
2023-09-28 00:00:00+00:00,87.39299774169922,87.39299774169922,88.15314265659877,88.612300491333,89.73612916552243,87.48847181714358,-173.37835173702
2023-09-29 00:00:00+00:00,87.7979965209961,87.7979965209961,88.01128496442523,88.52450027465821,89.61235867716901,87.4366418721474,-104.72782662729459
2023-10-02 00:00:00+00:00,87.10299682617188,87.10299682617188,87.82342747279576,88.44211502075196,89.69490801152111,87.1893220299828,-171.62048132101762
2023-10-03 00:00:00+00:00,87.11699676513672,87.11699676513672,87.657712663923,88.33686485290528,89.66519934491457,87.00853036089599,-148.17276269362117
2023-10-04 00:00:00+00:00,87.05500030517578,87.05500030517578,87.4691412789481,88.23776473999024,89.63985428889919,86.8356751910813,-135.51550043988968
2023-10-05 00:00:00+00:00,87.41799926757812,87.41799926757812,87.4057126726423,88.14971466064453,89.52382454800464,86.77560477328443,-83.58439398451483
2023-10-06 00:00:00+00:00,87.83000183105469,87.83000183105469,87.38771275111607,88.09831466674805,89.43732859931782,86.75930073417828,-31.70504677329052
2023-10-09 00:00:00+00:00,87.93000030517578,87.93000030517578,87.4644274030413,88.10434951782227,89.43895971018489,86.76973932545965,-20.824636391513653
2023-10-10 00:00:00+00:00,88.01300048828125,88.01300048828125,87.4951422555106,88.05044937133789,89.30175436988554,86.79914437279024,-4.914597787204475
2023-10-11 00:00:00+00:00,88.197998046875,88.197998046875,87.65157100132534,88.00999908447265,89.18082242949014,86.83917573945517,27.022990169630226
2023-10-12 00:00:00+00:00,88.31900024414062,88.31900024414062,87.82328578404018,87.97739906311035,89.06919932811437,86.88559879810634,52.81403204569572
2023-10-13 00:00:00+00:00,87.64600372314453,87.64600372314453,87.90771484375,87.94829940795898,89.04299667181054,86.85360214410743,-46.53207039968432
2023-10-16 00:00:00+00:00,86.55819702148438,86.55819702148438,87.78488595145089,87.85100936889648,89.0758828856715,86.62613585212146,-181.7958470557407
2023-10-17 00:00:00+00:00,87.7490005493164,87.7490005493164,87.77331433977399,87.79030952453613,88.8978621410436,86.68275690802865,-6.429486542363982
2023-10-18 00:00:00+00:00,87.947998046875,87.947998046875,87.77588544573102,87.74815940856934,88.75494132255122,86.74137749458745,33.754324075080845
2023-10-19 00:00:00+00:00,87.64199829101562,87.64199829101562,87.72288513183594,87.70935935974121,88.66601169458907,86.75270702489335,-11.998706787247459
2023-10-20 00:00:00+00:00,87.9010009765625,87.9010009765625,87.68045697893415,87.69055938720703,88.61446002834943,86.76665874606464,39.05435866068596
2023-10-23 00:00:00+00:00,88.04199981689453,88.04199981689453,87.64088548932757,87.67390937805176,88.55697471412437,86.79084404197916,70.94177217572262
2023-10-24 00:00:00+00:00,88.48400115966797,88.48400115966797,87.76059940883091,87.70500946044922,88.65708169738998,86.75293722350845,140.06035665294925
2023-10-25 00:00:00+00:00,87.85800170898438,87.85800170898438,87.94628579275948,87.70010948181152,88.64774108618367,86.75247787743938,28.691876948757304
2023-10-26 00:00:00+00:00,87.94200134277344,87.94200134277344,87.97385733468192,87.72755966186523,88.66952297296311,86.78559635076735,40.22852167020737
2023-10-27 00:00:00+00:00,87.9000015258789,87.9000015258789,87.96700068882534,87.73265991210937,88.6773297538166,86.78799007040215,31.080467744475587
2023-10-30 00:00:00+00:00,86.85800170898438,86.85800170898438,87.85500117710659,87.72041015625,88.70497049219773,86.73584982030226,-153.3712889201129
2023-10-31 00:00:00+00:00,88.28600311279297,88.28600311279297,87.91000148228237,87.77886047363282,88.75131416801956,86.80640677924607,95.89112829410118
2023-11-01 00:00:00+00:00,87.98300170898438,87.98300170898438,87.90157318115234,87.82526054382325,88.73907904036106,86.91144204728543,34.13908911627324
2023-11-02 00:00:00+00:00,88.0469970703125,88.0469970703125,87.83914402553013,87.85671043395996,88.75467053038649,86.95875033753343,44.40151089309056
2023-11-03 00:00:00+00:00,88.29399871826172,88.29399871826172,87.90142931256976,87.87991027832031,88.79869914115518,86.96112141548544,93.00367351093291
2023-11-06 00:00:00+00:00,89.10900115966797,89.10900115966797,88.06814357212612,87.93886032104493,89.0098632805776,86.86785736151225,229.528689533529
2023-11-07 00:00:00+00:00,89.12200164794922,89.12200164794922,88.24271501813617,87.99431037902832,89.1891508060073,86.79946995204934,190.22132994224043
2023-11-08 00:00:00+00:00,88.94999694824219,88.94999694824219,88.54157148088727,88.03191032409669,89.29889018547371,86.76493046271966,140.19349799235948
2023-11-09 00:00:00+00:00,89.05000305175781,89.05000305175781,88.65071432931083,88.06846046447754,89.41027810665507,86.72664282230001,135.87858639122928
2023-11-10 00:00:00+00:00,88.73799896240234,88.73799896240234,88.75857107979911,88.12306022644043,89.48126676060365,86.76485369227721,81.20378206290677
2023-11-13 00:00:00+00:00,87.9352035522461,87.9352035522461,88.7426005772182,88.19191055297851,89.33936812062728,87.04445298532974,-38.0499425639477
2023-11-14 00:00:00+00:00,88.94000244140625,88.94000244140625,88.8348868233817,88.251460647583,89.42544868277919,87.07747261238681,97.46101341590045
2023-11-15 00:00:00+00:00,90.16600036621094,90.16600036621094,88.9858867100307,88.3623607635498,89.80414866144602,86.92057286565358,212.43833710391846
2023-11-16 00:00:00+00:00,90.1259994506836,90.1259994506836,89.12931496756417,88.4865608215332,90.08636737995984,86.88675426310657,173.25133737266236
2023-11-17 00:00:00+00:00,90.13099670410156,90.13099670410156,89.29802921840123,88.59806060791016,90.33130853917875,86.86481267664156,147.0557560334578
2023-11-20 00:00:00+00:00,89.47319793701172,89.47319793701172,89.35848563058036,88.66962051391602,90.4242504912199,86.91499053661214,75.35782383011909
2023-11-21 00:00:00+00:00,91.11799621582031,91.11799621582031,89.69848523821149,88.80132026672364,90.8654062875834,86.73723424586387,188.99313599774172
2023-11-22 00:00:00+00:00,90.82599639892578,90.82599639892578,90.11145564488002,88.9497200012207,91.1504929107674,86.748947091674,145.88901445380787
2023-11-23 00:00:00+00:00,90.88300323486328,90.88300323486328,90.38902718680245,89.09677009582519,91.40445835387237,86.78908183777801,131.10070584210854
2023-11-24 00:00:00+00:00,90.8030014038086,90.8030014038086,90.4800273350307,89.24192008972167,91.59735586611238,86.88648431333097,108.51206498652151
2023-11-27 00:00:00+00:00,91.0979995727539,91.0979995727539,90.61888449532645,89.45391998291015,91.66472855927975,87.24311140654055,114.90336890337994
2023-11-28 00:00:00+00:00,91.19599914550781,91.19599914550781,90.77102770124164,89.5994197845459,91.86884402472768,87.32999554436412,106.94968923139994
2023-11-29 00:00:00+00:00,91.56300354003906,91.56300354003906,91.06957135881696,89.77841987609864,92.07559862305438,87.4812411291429,117.49419929121875
2023-11-30 00:00:00+00:00,91.21399688720703,91.21399688720703,91.08328574044364,89.93676986694337,92.16706158535983,87.7064781485269,86.71343406434778
2023-12-01 00:00:00+00:00,90.6510009765625,90.6510009765625,91.05828639439174,90.0546199798584,92.16530016494227,87.94393979477454,43.5972334953709
2023-12-04 00:00:00+00:00,89.74700164794922,89.74700164794922,90.89600045340401,90.08652000427246,92.15590554040467,88.01713446814024,-25.90728489004298
2023-12-05 00:00:00+00:00,90.302001953125,90.302001953125,90.82442910330636,90.14552001953125,92.16582276578978,88.12521727327271,12.692266921522148
2023-12-06 00:00:00+00:00,89.86199951171875,89.86199951171875,90.64785766601562,90.19112014770508,92.1376274741553,88.24461282125486,-28.337787132068932
2023-12-07 00:00:00+00:00,89.66699981689453,89.66699981689453,90.42942919049945,90.22196998596192,92.1110383060737,88.33290166585014,-49.766640993499095
2023-12-08 00:00:00+00:00,89.87200164794922,89.87200164794922,90.18785749162946,90.27867012023925,92.04423313138466,88.51310710909385,-39.478745479952835
2023-12-11 00:00:00+00:00,88.90950012207031,88.90950012207031,89.85864366803851,90.32738494873047,91.85895372020416,88.79581617725678,-147.5687620644778
2023-12-12 00:00:00+00:00,89.62999725341797,89.62999725341797,89.71278599330357,90.36188468933105,91.78941870715728,88.93435067150482,-80.05285343654619
2023-12-13 00:00:00+00:00,89.96800231933594,89.96800231933594,89.74435751778739,90.3519847869873,91.78795986441824,88.91600970955636,-41.39436494349573
2023-12-14 00:00:00+00:00,90.55699920654297,90.55699920654297,89.7807856968471,90.37353477478027,91.80816581187196,88.93890373768858,19.81156111390944
2023-12-15 00:00:00+00:00,91.48699951171875,91.48699951171875,90.01292855398995,90.44133491516114,91.95376282270797,88.9289070076143,106.5703223089504
2023-12-18 00:00:00+00:00,90.04139709472656,90.04139709472656,90.06641387939453,90.46974487304688,91.92590058127413,89.01358916481962,-45.84592078406582
2023-12-19 00:00:00+00:00,90.67400360107422,90.67400360107422,90.18098558698382,90.44754524230957,91.87535071511583,89.01973976950332,25.040984176181638
2023-12-20 00:00:00+00:00,91.14900207519531,91.14900207519531,90.50091443743024,90.46369552612305,91.91661165011547,89.01077940213062,73.99490043995598
2023-12-21 00:00:00+00:00,90.95899963378906,90.95899963378906,90.6907719203404,90.46749534606934,91.92541769132471,89.00957300081397,52.7770846713729
2023-12-22 00:00:00+00:00,91.31700134277344,91.31700134277344,90.88348606654576,90.49319534301758,91.99352441285663,88.99286627317852,85.28202159127227
2023-12-25 00:00:00+00:00,90.67019653320312,90.67019653320312,90.89965711321149,90.47180519104003,91.94782974172426,88.9957806403558,21.170735299497
2023-12-26 00:00:00+00:00,90.67019653320312,90.67019653320312,90.78297097342355,90.44551506042481,91.88551937870484,89.00551074214478,24.920025427362013
2023-12-27 00:00:00+00:00,90.67019653320312,90.67019653320312,90.87279946463448,90.400874710083,91.747332450247,89.054416969919,32.01084144059937
2023-12-28 00:00:00+00:00,92.41500091552734,92.41500091552734,91.12151336669922,90.46092491149902,92.04604793720434,88.8758018857937,211.84383814496604
2023-12-29 00:00:00+00:00,91.89700317382812,91.89700317382812,91.2283706665039,90.52322502136231,92.23285638037669,88.81359366234793,136.4881074506672
2024-01-01 00:00:00+00:00,91.79000091552734,91.79000091552734,91.34708513532367,90.62537498474121,92.38318422012091,88.86756574936152,113.85292570514976
2024-01-02 00:00:00+00:00,91.14199829101562,91.14199829101562,91.32208469935826,90.66737480163575,92.43277578746007,88.90197381581142,46.31307985478137
2024-01-03 00:00:00+00:00,91.05799865722656,91.05799865722656,91.37748500279018,90.72717475891113,92.45840370997179,88.99594580785048,33.06867450090367
2024-01-04 00:00:00+00:00,90.9800033569336,90.9800033569336,91.42174312046596,90.79282493591309,92.45289674553274,89.13275312629344,19.91548409131974
2024-01-05 00:00:00+00:00,91.03600311279297,91.03600311279297,91.4740012032645,90.85102500915528,92.45586686657118,89.24618315173937,21.01282766202205
2024-01-08 00:00:00+00:00,89.75569915771484,89.75569915771484,91.09410095214844,90.8933349609375,92.31705320501821,89.46961671685678,-140.36240094011498
2024-01-09 00:00:00+00:00,90.85800170898438,90.85800170898438,90.94567217145648,90.95473518371583,92.24909146032739,89.66037890710426,-13.640021207089523
2024-01-10 00:00:00+00:00,90.8030014038086,90.8030014038086,90.80467224121094,90.99648513793946,92.20804972292709,89.78492055295183,-29.840353058033106
2024-01-11 00:00:00+00:00,91.04100036621094,91.04100036621094,90.79024396623883,91.02068519592285,92.21449311467049,89.82687727717521,3.2831353619047183
2024-01-12 00:00:00+00:00,91.14399719238281,91.14399719238281,90.80252947126117,91.00353507995605,92.17884840215956,89.82822175775254,23.68476827922645
2024-01-15 00:00:00+00:00,90.66300201416016,90.66300201416016,90.75724356515067,91.03461532592773,92.13316942903386,89.9360612228216,-68.00774628812007
2024-01-16 00:00:00+00:00,90.64800262451172,90.64800262451172,90.70181492396763,91.0333152770996,92.13372621183922,89.93290434235999,-70.26406221739813
2024-01-17 00:00:00+00:00,90.31300354003906,90.31300354003906,90.78142983572823,90.9915153503418,92.13605073811902,89.84697996256457,-115.5002439321041
2024-01-18 00:00:00+00:00,90.44200134277344,90.44200134277344,90.72200121198382,90.96566543579101,92.13634764508055,89.79498322650147,-83.85294212865732
2024-01-19 00:00:00+00:00,90.38600158691406,90.38600158691406,90.66242980957031,90.91911544799805,92.10491699328625,89.73331390270985,-84.00189483110421
2024-01-22 00:00:00+00:00,89.43720245361328,89.43720245361328,90.43331582205636,90.85746574401855,92.21371342940922,89.50121805862788,-197.82133444062507
2024-01-23 00:00:00+00:00,90.30599975585938,90.30599975585938,90.31360190255302,90.83925590515136,92.21571971841011,89.46279209189261,-71.5523346147647
2024-01-24 00:00:00+00:00,90.28299713134766,90.28299713134766,90.25931549072266,90.8198959350586,92.21710718549181,89.42268468462538,-69.3392452458374
2024-01-25 00:00:00+00:00,90.34600067138672,90.34600067138672,90.21617235456195,90.71644592285156,91.90756439712186,89.52532744858127,-53.86865832592785
2024-01-26 00:00:00+00:00,90.0999984741211,90.0999984741211,90.1857430594308,90.62659568786621,91.70888916236495,89.54430221336747,-82.20778310875082
2024-01-29 00:00:00+00:00,90.1240005493164,90.1240005493164,90.14031437465123,90.54329566955566,91.49742997787816,89.58916136123317,-70.94578392768517
2024-01-30 00:00:00+00:00,90.0250015258789,90.0250015258789,90.0887429373605,90.48744583129883,91.42463852886577,89.55025313373189,-80.20196867857983
2024-01-31 00:00:00+00:00,90.04900360107422,90.04900360107422,90.17614310128349,90.4369960784912,91.35326606107493,89.52072609590748,-70.2493890296666
2024-02-01 00:00:00+00:00,89.61799621582031,89.61799621582031,90.0778568812779,90.36889572143555,91.3171369113473,89.4206545315238,-135.26248379427483
2024-02-02 00:00:00+00:00,90.08399963378906,90.08399963378906,90.04942866734096,90.32129554748535,91.22297052809418,89.41962056687652,-45.99628492028292
2024-02-05 00:00:00+00:00,89.21820068359375,89.21820068359375,89.88831438337054,90.2944206237793,91.29382130553066,89.29501994202795,-193.31863801250543
2024-02-06 00:00:00+00:00,89.12100219726562,89.12100219726562,89.74845777239118,90.20757064819335,91.29846472686162,89.11667656952508,-177.0348676225904
2024-02-07 00:00:00+00:00,89.26100158691406,89.26100158691406,89.6251722063337,90.13047065734864,91.26140450649346,88.99953680820381,-135.83439041389673
2024-02-08 00:00:00+00:00,89.4010009765625,89.4010009765625,89.53602927071708,90.04847068786621,91.13851035662627,88.95843101910616,-101.37569495579974
2024-02-09 00:00:00+00:00,89.27799987792969,89.27799987792969,89.42588588169643,89.95517082214356,90.96702013747748,88.94332150680964,-103.73825787097337
2024-02-12 00:00:00+00:00,89.44400024414062,89.44400024414062,89.40102931431362,89.89422073364258,90.87285646751226,88.9155849997729,-68.5993566147526
2024-02-13 00:00:00+00:00,89.30999755859375,89.30999755859375,89.29045758928571,89.82732048034669,90.77131247680832,88.88332848388505,-79.14706382982298
2024-02-14 00:00:00+00:00,88.86199951171875,88.86199951171875,89.23957170758929,89.75477027893066,90.7624784789738,88.74706207888752,-129.4630151308338
2024-02-15 00:00:00+00:00,89.03600311279297,89.03600311279297,89.22742898123605,89.68447036743164,90.6864692413604,88.68247149350289,-95.1647428745744
2024-02-16 00:00:00+00:00,89.35700225830078,89.35700225830078,89.24114336286273,89.63302040100098,90.58791423479212,88.67812656720983,-43.26806929923386
2024-02-19 00:00:00+00:00,89.37799835205078,89.37799835205078,89.23785727364677,89.63006019592285,90.58787260819729,88.67224778364842,-39.2939207752635
2024-02-20 00:00:00+00:00,89.40299987792969,89.40299987792969,89.2557144165039,89.58491020202636,90.4923720865791,88.67744831747363,-30.704370559984564
2024-02-21 00:00:00+00:00,89.47799682617188,89.47799682617188,89.2605710710798,89.54466018676757,90.3911100393042,88.69821033423095,-12.577828706920553
2024-02-22 00:00:00+00:00,89.67500305175781,89.67500305175781,89.31271471296039,89.51111030578613,90.27277029706119,88.74945031451108,35.277263393809285
2024-02-23 00:00:00+00:00,89.61100006103516,89.61100006103516,89.41971479143415,89.48666038513184,90.19848989487446,88.77483087538923,29.82429870249794
2024-02-26 00:00:00+00:00,89.61100006103516,89.61100006103516,89.50185721261161,89.46101036071778,90.11037123468525,88.81164948675031,40.59945554730705
2024-02-27 00:00:00+00:00,89.81300354003906,89.81300354003906,89.56700025285993,89.45041046142578,90.06710732351877,88.83371359933278,103.49219580720698
2024-02-28 00:00:00+00:00,89.8239974975586,89.8239974975586,89.6307144165039,89.43916015625,90.01685402583641,88.86146628666359,116.32362067283745
2024-02-29 00:00:00+00:00,89.77799987792969,89.77799987792969,89.68428584507534,89.44716033935546,90.03952730336557,88.85479337534535,96.03255962588001
2024-03-01 00:00:00+00:00,89.5270004272461,89.5270004272461,89.6912863595145,89.41931037902832,89.93272335369375,88.90589740436289,36.12775267226492
2024-03-04 00:00:00+00:00,89.70899963378906,89.70899963378906,89.6961430140904,89.44385032653808,89.96366745356922,88.92403319950695,87.012740707359
2024-03-05 00:00:00+00:00,89.93099975585938,89.93099975585938,89.74185725620815,89.48435020446777,90.02409197821417,88.94460843072137,140.46563548683824
2024-03-06 00:00:00+00:00,89.927001953125,89.927001953125,89.78700038364956,89.51765022277831,90.08103356563493,88.9542668799217,122.40444451288646
2024-03-07 00:00:00+00:00,90.2760009765625,90.2760009765625,89.85314287458148,89.56140022277832,90.21527311021808,88.90752733533856,187.48513131234355
2024-03-08 00:00:00+00:00,90.5979995727539,90.5979995727539,89.96371459960938,89.62740020751953,90.4138598057865,88.84094060925256,224.33273749160065
2024-03-11 00:00:00+00:00,90.4260025024414,90.4260025024414,90.05628640311105,89.67650032043457,90.53414427560313,88.81885636526602,156.46398676473663
2024-03-12 00:00:00+00:00,90.4010009765625,90.4010009765625,90.18114362444196,89.73105049133301,90.6284080137132,88.83369296895282,131.57365874726946
2024-03-13 00:00:00+00:00,90.37999725341797,90.37999725341797,90.2770004272461,89.80695037841797,90.64995333424478,88.96394742259115,115.2971006717474
2024-03-14 00:00:00+00:00,90.65599822998047,90.65599822998047,90.38057163783482,89.88795013427735,90.73036643099874,89.04553383755595,146.65522206547004
2024-03-15 00:00:00+00:00,90.1709976196289,90.1709976196289,90.4154281616211,89.92864990234375,90.74118208343408,89.11611772125342,47.38261931238892
2024-03-18 00:00:00+00:00,89.3010025024414,89.3010025024414,90.27614266531808,89.92480010986328,90.74896390310516,89.1006363166214,-120.79276493850669
2024-03-19 00:00:00+00:00,89.98200225830078,89.98200225830078,90.18814304896763,89.95375022888183,90.740569637955,89.16693081980866,5.777515455387446
2024-03-20 00:00:00+00:00,90.12899780273438,90.12899780273438,90.14571380615234,89.98630027770996,90.74355751902296,89.22904303639696,30.233237042292902
2024-03-21 00:00:00+00:00,90.71299743652344,90.71299743652344,90.1902847290039,90.03819999694824,90.84620523349022,89.23019476040625,132.0726803252604
2024-03-22 00:00:00+00:00,90.34100341796875,90.34100341796875,90.18471418108258,90.07470016479492,90.8672561999791,89.28214412961074,53.09085322820139
2024-03-25 00:00:00+00:00,90.25299835205078,90.25299835205078,90.12714276994977,90.1068000793457,90.87180485323879,89.34179530545262,30.754045872277423
2024-03-26 00:00:00+00:00,90.3280029296875,90.3280029296875,90.14957209995815,90.13255004882812,90.8905538705516,89.37454622710464,42.237953352670274
2024-03-27 00:00:00+00:00,90.10199737548828,90.10199737548828,90.26399993896484,90.14645004272461,90.89070114814918,89.40219893730004,-10.10730500633821
2024-03-28 00:00:00+00:00,90.06500244140625,90.06500244140625,90.27585710797992,90.16080017089844,90.8859616087355,89.43563873306138,-23.02112794066544
2024-03-29 00:00:00+00:00,89.86399841308594,89.86399841308594,90.23800005231585,90.17765007019042,90.85487996401284,89.50042017636801,-80.56290831061223
2024-04-01 00:00:00+00:00,89.86799621582031,89.86799621582031,90.1172855922154,90.18559989929199,90.84311193168045,89.52808786690352,-84.15563018499697
2024-04-02 00:00:00+00:00,88.91960144042969,88.91960144042969,89.91422816685268,90.13502998352051,90.9983545712171,89.27170539582391,-265.00107645643686
2024-04-03 00:00:00+00:00,89.66200256347656,89.66200256347656,89.82980019705636,90.12178001403808,91.00641879581164,89.23714123226452,-95.46962479538037
2024-04-04 00:00:00+00:00,90.11799621582031,90.11799621582031,89.79979923793248,90.11387977600097,90.995536633008,89.23222291899394,0.8719141825083286
2024-04-05 00:00:00+00:00,90.33100128173828,90.33100128173828,89.83251408168248,90.1005298614502,90.95910514772218,89.24195457517821,50.507035319612534
2024-04-08 00:00:00+00:00,89.23760223388672,89.23760223388672,89.71431405203683,90.04110984802246,90.96671822501443,89.11550147103048,-155.10697064833698
2024-04-09 00:00:00+00:00,90.36699676513672,90.36699676513672,89.78617095947266,90.03940963745117,90.96235566026974,89.11646361463261,63.45522278048039
2024-04-10 00:00:00+00:00,90.26899719238281,90.26899719238281,89.8434568132673,90.03385963439942,90.94948814278223,89.11823112601661,46.067305683412705
2024-04-11 00:00:00+00:00,89.52899932861328,89.52899932861328,89.93051365443638,89.97750968933106,90.87035907316834,89.08466030549377,-86.3840987950502
2024-04-12 00:00:00+00:00,89.30699920654297,89.30699920654297,89.87979888916016,89.93430976867675,90.87030652654398,88.99831301080953,-110.45338859303959
2024-04-15 00:00:00+00:00,88.88899993896484,88.88899993896484,89.70422799246651,89.91370964050293,90.92361160677339,88.90380767423247,-169.3674386580817
2024-04-16 00:00:00+00:00,88.64399719238281,88.64399719238281,89.46322740827289,89.84680938720703,91.0041682091951,88.68945056521896,-169.19103707650595
2024-04-17 00:00:00+00:00,88.77899932861328,88.77899932861328,89.39771270751953,89.77930946350098,91.0217171920523,88.53690173494967,-126.60692477889187
2024-04-18 00:00:00+00:00,89.10700225830078,89.10700225830078,89.21771349225726,89.69900970458984,90.89402155658149,88.50399785259819,-75.65275405776669
2024-04-19 00:00:00+00:00,88.86199951171875,88.86199951171875,89.01671382359096,89.62505950927735,90.83574098832511,88.41437803022959,-95.06163440451901
2024-04-22 00:00:00+00:00,87.87940216064453,87.87940216064453,88.78105708530971,89.50637969970703,90.90815490897019,88.10460449044386,-182.82246636707018
2024-04-23 00:00:00+00:00,88.74500274658203,88.74500274658203,88.70077187674386,89.42722969055175,90.8123354935345,88.042123887569,-77.05264790561928
2024-04-24 00:00:00+00:00,89.05000305175781,89.05000305175781,88.72377232142857,89.37462997436523,90.7314540378498,88.01780591088067,-37.95926624009942
2024-04-25 00:00:00+00:00,89.08999633789062,89.08999633789062,88.78748648507255,89.32587966918945,90.64787856481053,88.00388077356837,-29.116273261672326
2024-04-26 00:00:00+00:00,89.28500366210938,89.28500366210938,88.85977281842914,89.29692993164062,90.59444354170613,87.99941632157511,-1.5664996749144986
2024-04-29 00:00:00+00:00,89.09600067138672,89.09600067138672,88.8582011631557,89.25833015441894,90.52998713068573,87.98667317815216,-22.539398939474083
2024-04-30 00:00:00+00:00,89.34400177001953,89.34400177001953,88.92705862862724,89.27955017089843,90.54153492034077,88.0175654214561,9.14976741082936
2024-05-01 00:00:00+00:00,88.98300170898438,88.98300170898438,89.08471570696149,89.24560012817383,90.50077847254303,87.99042178380463,-38.180630445801384
2024-05-02 00:00:00+00:00,88.97799682617188,88.97799682617188,89.11800057547433,89.1886001586914,90.3788280780329,87.9983722393499,-33.74404343224375
2024-05-03 00:00:00+00:00,89.35399627685547,89.35399627685547,89.16142817905971,89.13974990844727,90.2063332864787,88.07316653041585,39.957205122862625
2024-05-06 00:00:00+00:00,88.65499877929688,88.65499877929688,89.09928567068917,89.11061973571778,90.1975795448082,88.02365992662735,-82.52531614455255
2024-05-07 00:00:00+00:00,89.78900146484375,89.78900146484375,89.17128535679409,89.08171997070312,90.05256358955354,88.1108763518527,140.63505499956878
2024-05-08 00:00:00+00:00,89.64900207519531,89.64900207519531,89.25028555733817,89.05072021484375,89.89302462486712,88.20841580482038,131.08139054792485
2024-05-09 00:00:00+00:00,89.62200164794922,89.62200164794922,89.28999982561383,89.05537033081055,89.90973294450949,88.20100771711161,122.27817277938166
2024-05-10 00:00:00+00:00,89.91300201416016,89.91300201416016,89.42285701206752,89.0856704711914,90.01711491285478,88.15422602952803,162.58992374286683
2024-05-13 00:00:00+00:00,89.00469970703125,89.00469970703125,89.42667170933315,89.09145545959473,90.01918661361199,88.16372430557746,-17.337734377218556
2024-05-14 00:00:00+00:00,90.0530014038086,90.0530014038086,89.52652958461216,89.16190567016602,90.15803938087852,88.16577195945352,159.96268742058908
2024-05-15 00:00:00+00:00,90.25700378417969,90.25700378417969,89.75538744245257,89.23580589294434,90.32708606923816,88.14452571665052,164.29484805431898
2024-05-16 00:00:00+00:00,90.72599792480469,90.72599792480469,89.88924407958984,89.31675567626954,90.59241967898643,88.04109167355264,193.46267139744248
2024-05-17 00:00:00+00:00,90.62799835205078,90.62799835205078,90.0291006905692,89.40505561828613,90.78813990369376,88.0219713328785,151.0767217878563
2024-05-20 00:00:00+00:00,89.31079864501953,89.31079864501953,89.9846431187221,89.47662544250488,90.66119298757813,88.29205789743163,-22.91689071926684
2024-05-21 00:00:00+00:00,90.39399719238281,90.39399719238281,90.05335671561105,89.55907516479492,90.75868398710371,88.35946634248613,111.33787017637451
2024-05-22 00:00:00+00:00,90.3550033569336,90.3550033569336,90.24625723702567,89.62432518005372,90.84904747142035,88.39960288868708,94.67660266602405
2024-05-23 00:00:00+00:00,90.052001953125,90.052001953125,90.24611445835659,89.67242546081543,90.88428481105107,88.46056611057979,49.470610814285656
2024-05-24 00:00:00+00:00,89.99299621582031,89.99299621582031,90.2083990914481,89.70782508850098,90.91337994556677,88.50227023143519,37.41112431448512
2024-05-27 00:00:00+00:00,89.10479736328125,89.10479736328125,89.97679901123047,89.7082649230957,90.91288597200806,88.50364387418334,-79.23648269944734
2024-05-28 00:00:00+00:00,90.21099853515625,90.21099853515625,89.91722760881696,89.75161476135254,90.9634207784858,88.53980874421929,60.01204330216677
2024-05-29 00:00:00+00:00,90.15899658203125,90.15899658203125,90.03839874267578,89.81041450500489,90.97852556555827,88.6423034444515,48.148979213155194
2024-05-30 00:00:00+00:00,90.01599884033203,90.01599884033203,89.9843989780971,89.8623146057129,90.96511197740644,88.75951723401936,23.23679376842214
2024-05-31 00:00:00+00:00,90.15699768066406,90.15699768066406,89.95611245291573,89.90246467590332,90.98563543396328,88.81929391784335,40.57641677564984
2024-06-03 00:00:00+00:00,90.4280014038086,90.4280014038086,90.00982666015625,89.99111480712891,90.92422736948842,89.0580022447694,82.17172265070484
2024-06-04 00:00:00+00:00,90.53399658203125,90.53399658203125,90.08711242675781,90.02836456298829,90.98664596752316,89.07008315845341,93.28263988764492
2024-06-05 00:00:00+00:00,90.92400360107422,90.92400360107422,90.3469990321568,90.09211463928223,91.11180627313063,89.07242300543383,147.50847976229198
2024-06-06 00:00:00+00:00,90.46600341796875,90.46600341796875,90.38342830113002,90.1343147277832,91.14187374039318,89.12675571517323,60.96285614285383
2024-06-07 00:00:00+00:00,90.83699798583984,90.83699798583984,90.48028564453125,90.18051452636719,91.2292408761682,89.13178817656618,115.9554697231064
2024-06-10 00:00:00+00:00,89.84420013427734,89.84420013427734,90.45574297223773,90.2224895477295,91.1308723649246,89.31410673053439,-75.8678517396441
2024-06-11 00:00:00+00:00,89.87100219726562,89.87100219726562,90.41488647460938,90.21338958740235,91.1325044726422,89.2942747021625,-66.83779205063819
2024-06-12 00:00:00+00:00,89.71700286865234,89.71700286865234,90.31331525530133,90.18638954162597,91.1314693595007,89.24130972375124,-85.98944689677094
2024-06-13 00:00:00+00:00,90.24500274658203,90.24500274658203,90.27203042166573,90.16233978271484,91.07347277638773,89.25120678904194,16.215075584450517
2024-06-14 00:00:00+00:00,89.60900115966797,89.60900115966797,90.08417293003627,90.1113899230957,91.02683675588592,89.19594309030548,-96.11297610782604
2024-06-17 00:00:00+00:00,88.37229919433594,88.37229919433594,89.78507232666016,90.06446495056153,91.21796350984623,88.91096639127683,-281.96526742409304
2024-06-18 00:00:00+00:00,89.62999725341797,89.62999725341797,89.61264365059989,90.02626495361328,91.18440691254358,88.86812299468298,-64.76407937538666
2024-06-19 00:00:00+00:00,89.4540023803711,89.4540023803711,89.55690111432757,89.98121490478516,91.15549776883844,88.80693204073188,-82.75030263709012
2024-06-20 00:00:00+00:00,89.61100006103516,89.61100006103516,89.51975795200893,89.95916481018067,91.14436212919306,88.77396749116828,-52.52327288852151
2024-06-21 00:00:00+00:00,89.39700317382812,89.39700317382812,89.47404370989118,89.92936515808105,91.14066380957661,88.7180665065855,-75.78086373747567
2024-06-24 00:00:00+00:00,88.19149780273438,88.19149780273438,89.18068586077008,89.88370018005371,91.28053691481435,88.48686344529307,-219.48169055060046
2024-06-25 00:00:00+00:00,89.51799774169922,89.51799774169922,89.16768537248883,89.84905014038085,91.24608291000506,88.45201737075665,-42.883826838747964
2024-06-26 00:00:00+00:00,89.24800109863281,89.24800109863281,89.29278564453125,89.80350036621094,91.21728775233481,88.38971298008707,-70.04327055351328
2024-06-27 00:00:00+00:00,89.18000030517578,89.18000030517578,89.22850036621094,89.76170043945312,91.19828463520811,88.32511624369813,-71.14420771884846
2024-06-28 00:00:00+00:00,89.29299926757812,89.29299926757812,89.20549992152623,89.71850051879883,91.15699559764148,88.28000543995618,-52.519309601412154
2024-07-01 00:00:00+00:00,89.22899627685547,89.22899627685547,89.1509279523577,89.65855026245117,91.07226993008699,88.24483059481535,-55.39264805930194
2024-07-02 00:00:00+00:00,89.51000213623047,89.51000213623047,89.16707066127232,89.60735054016114,90.96044428373136,88.25425679659091,-13.865202304664528
2024-07-03 00:00:00+00:00,89.64800262451172,89.64800262451172,89.37514277866909,89.54355049133301,90.74733978127608,88.33976120138993,17.224790387105642
2024-07-04 00:00:00+00:00,90.01699829101562,90.01699829101562,89.44642857142857,89.52110023498535,90.66785026475843,88.37435020521228,86.58489514802514
2024-07-05 00:00:00+00:00,90.18399810791016,90.18399810791016,89.58014242989677,89.48845024108887,90.50752572544991,88.46937475672783,130.8846844122968
2024-07-08 00:00:00+00:00,89.40899658203125,89.40899658203125,89.61285618373326,89.46669006347656,90.47227764183027,88.46110248512285,-11.225238825788361
2024-07-09 00:00:00+00:00,90.3010025024414,90.3010025024414,89.75685664585659,89.48819007873536,90.54714629028685,88.42923386718387,149.69274277476234
2024-07-10 00:00:00+00:00,90.22000122070312,90.22000122070312,89.89842878069196,89.51333999633789,90.61807965254577,88.40860034013001,122.37823911212408
2024-07-11 00:00:00+00:00,90.37100219726562,90.37100219726562,90.02142878941127,89.51963996887207,90.64322412033313,88.39605581741101,145.00242261400945
2024-07-12 00:00:00+00:00,90.74299621582031,90.74299621582031,90.1778564453125,89.57633972167969,90.8262588126087,88.32642063075068,171.39292901611813
2024-07-15 00:00:00+00:00,89.96119689941406,89.96119689941406,90.16988481794085,89.6557846069336,90.7790398289777,88.53252938488949,48.40089399767735
2024-07-16 00:00:00+00:00,91.00299835205078,91.00299835205078,90.28688485281808,89.72443466186523,90.99872696761761,88.45014235611285,170.31450130507446
2024-07-17 00:00:00+00:00,90.9990005493164,90.9990005493164,90.51402827671596,89.8016845703125,91.1892369627118,88.4141321779132,142.9451838184925
2024-07-18 00:00:00+00:00,91.35099792480469,91.35099792480469,90.66402762276786,89.88868446350098,91.43500876106572,88.34236016593624,155.64769818362734
2024-07-19 00:00:00+00:00,91.11799621582031,91.11799621582031,90.79231262207031,89.97473411560058,91.595596816311,88.35387141489016,116.19136456162889
2024-07-22 00:00:00+00:00,90.05840301513672,90.05840301513672,90.7476555960519,90.06807937622071,91.45462999842967,88.68152875401175,-1.1362674800352428
2024-07-23 00:00:00+00:00,91.052001953125,91.052001953125,90.79179927280971,90.144779586792,91.57231613766882,88.71724303591517,102.61188548011138
2024-07-24 00:00:00+00:00,90.73799896240234,90.73799896240234,90.90277099609375,90.21927947998047,91.60465655261008,88.83390240735086,60.634890907388005
2024-07-25 00:00:00+00:00,90.68399810791016,90.68399810791016,90.85719953264508,90.29447937011719,91.60350009601382,88.98545864422056,47.95375850673188
2024-07-26 00:00:00+00:00,90.77400207519531,90.77400207519531,90.82505689348493,90.36852951049805,91.60453356874581,89.13252545225029,52.51183579139329
2024-07-29 00:00:00+00:00,89.8906021118164,89.8906021118164,90.61642892020089,90.4016098022461,91.54082431887961,89.26239528561258,-70.27780164831643
2024-07-30 00:00:00+00:00,90.53600311279297,90.53600311279297,90.53328704833984,90.45290985107422,91.51270720781572,89.39311249433273,12.395795454350607
2024-07-31 00:00:00+00:00,90.5739974975586,90.5739974975586,90.60694340297154,90.49920959472657,91.48958143632053,89.5088377531326,12.218192949878105
2024-08-01 00:00:00+00:00,90.48799896240234,90.48799896240234,90.52637154715401,90.5227596282959,91.48690404663121,89.55861520996059,-6.063838363834861
2024-08-02 00:00:00+00:00,90.2770004272461,90.2770004272461,90.46051461356026,90.5274097442627,91.48555317137033,89.56926631715507,-44.27536476018045
2024-08-05 00:00:00+00:00,91.33599853515625,91.33599853515625,90.55365753173828,90.62375984191894,91.49166541921826,89.75585426461961,133.36340470820693
2024-08-06 00:00:00+00:00,91.9020004272461,91.9020004272461,90.71480015345982,90.70380973815918,91.7276880624258,89.67993141389256,200.80822339494102
2024-08-07 00:00:00+00:00,91.62699890136719,91.62699890136719,90.96285683768136,90.77415962219239,91.85009523312256,89.69822401126221,135.54184253051324
2024-08-08 00:00:00+00:00,91.625,91.625,91.11842782156808,90.8368595123291,91.95903275623839,89.71468626841981,117.24990615611671
2024-08-09 00:00:00+00:00,91.60600280761719,91.60600280761719,91.26585715157645,90.88000984191895,92.05223919084293,89.70778049299497,100.43694348021657
2024-08-12 00:00:00+00:00,91.55799865722656,91.55799865722656,91.41871425083706,90.95984992980956,92.08516070685641,89.83453915276272,86.33826804281703
2024-08-13 00:00:00+00:00,91.67400360107422,91.67400360107422,91.6182861328125,90.99340019226074,92.16325685609273,89.82354352842874,92.21148646258358
2024-08-14 00:00:00+00:00,92.15899658203125,92.15899658203125,91.73585728236607,91.05139999389648,92.33218807005437,89.77061191773859,135.67014157225267
2024-08-15 00:00:00+00:00,92.39700317382812,92.39700317382812,91.80657196044922,91.10370025634765,92.51479677695421,89.69260373574109,144.5435832894207
2024-08-16 00:00:00+00:00,92.09500122070312,92.09500122070312,91.87342943464007,91.1525505065918,92.63173341711472,89.67336759606887,97.35811404312497
2024-08-19 00:00:00+00:00,92.40499877929688,92.40499877929688,91.98485783168248,91.2698802947998,92.75588923802896,89.78387135157065,117.95915434681889
2024-08-20 00:00:00+00:00,92.9800033569336,92.9800033569336,92.18114362444196,91.36628036499023,93.03205015366945,89.70051057631102,153.71154280020139
2024-08-21 00:00:00+00:00,93.20800018310547,93.20800018310547,92.41685812813895,91.48978042602539,93.31777309923714,89.66178775281364,155.66455713701163
2024-08-22 00:00:00+00:00,93.48100280761719,93.48100280761719,92.6750008719308,91.62963066101074,93.6189133366719,89.64034798534958,161.67069297649965
2024-08-23 00:00:00+00:00,93.23799896240234,93.23799896240234,92.82914406912667,91.7528305053711,93.82256736688429,89.6830936438579,122.39427865975172
2024-08-26 00:00:00+00:00,92.28009796142578,92.28009796142578,92.81244332449776,91.87230529785157,93.7570212513349,89.98758934436823,36.628931127929924
2024-08-27 00:00:00+00:00,93.572998046875,93.572998046875,93.02358572823661,92.02415504455567,93.94458361270895,90.10372647640239,136.3199022842364
2024-08-28 00:00:00+00:00,93.72200012207031,93.72200012207031,93.21172877720424,92.18155517578126,94.11750009265117,90.24561025891134,134.24169398250902
2024-08-29 00:00:00+00:00,93.29900360107422,93.29900360107422,93.2573002406529,92.32210540771484,94.14522672809215,90.49898408733753,87.96058246991562
2024-08-30 00:00:00+00:00,92.87799835205078,92.87799835205078,93.2101571219308,92.45215530395508,94.01327615507462,90.89103445283554,41.98540608072667
2024-09-02 00:00:00+00:00,92.58799743652344,92.58799743652344,93.08258492606026,92.51475524902344,93.9852001563502,91.04431034169667,7.708642231073778
2024-09-03 00:00:00+00:00,92.8010025024414,92.8010025024414,93.02015686035156,92.5597053527832,94.00604722493864,91.11336348062775,26.06806381327701
2024-09-04 00:00:00+00:00,92.6780014038086,92.6780014038086,93.07700020926339,92.61225547790528,93.99068862128385,91.2338223345267,7.6420476904668995
2024-09-05 00:00:00+00:00,92.97200012207031,92.97200012207031,92.99114336286273,92.67960548400879,93.98460740254261,91.37460356547497,36.39497038645633
2024-09-06 00:00:00+00:00,93.23999786376953,93.23999786376953,92.92228589739118,92.76130523681641,93.98538920842887,91.53722126520395,63.60119281126182
2024-09-09 00:00:00+00:00,93.02100372314453,93.02100372314453,92.88257162911552,92.8344554901123,93.92313308905374,91.74577789117087,28.05449579713219
2024-09-10 00:00:00+00:00,92.57499694824219,92.57499694824219,92.83928571428571,92.8795051574707,93.83204973205093,91.92696058289047,-51.53787202337718
2024-09-11 00:00:00+00:00,92.46700286865234,92.46700286865234,92.82200077601841,92.89490547180176,93.80752491500553,91.982286028598,-75.36905250236191
2024-09-12 00:00:00+00:00,92.40299987792969,92.40299987792969,92.76514325823102,92.89520530700683,93.8071396646943,91.98327094931936,-86.76382726272884
2024-09-13 00:00:00+00:00,92.92400360107422,92.92400360107422,92.80028642926898,92.9366554260254,93.7671728056899,92.1061380463609,-2.50472571946973
2024-09-16 00:00:00+00:00,92.04499816894531,92.04499816894531,92.66785757882255,92.91865539550781,93.81099350257179,92.02631728844383,-163.93764150666527
2024-09-17 00:00:00+00:00,93.26399993896484,93.26399993896484,92.67128644670758,92.93285522460937,93.83824682242852,92.02746362679022,59.836278013059086
2024-09-18 00:00:00+00:00,93.10399627685547,93.10399627685547,92.68314252580915,92.92765502929687,93.82757080449147,92.02773925410227,32.31956283419521
2024-09-19 00:00:00+00:00,92.9280014038086,92.9280014038086,92.73357173374721,92.90000495910644,93.76149641248763,92.03851350572525,5.513907551010164
2024-09-20 00:00:00+00:00,93.20800018310547,93.20800018310547,92.8394284929548,92.8985050201416,93.75761984680132,92.03939019348188,61.19922566655852
2024-09-23 00:00:00+00:00,93.11000061035156,93.11000061035156,92.94042859758649,92.94000015258788,93.75224046310797,92.1277598420678,36.40657766928945
2024-09-24 00:00:00+00:00,92.75399780273438,92.75399780273438,92.91614205496651,92.89905014038087,93.65773466668374,92.140365614078,-33.31714992156834
2024-09-25 00:00:00+00:00,93.43800354003906,93.43800354003906,93.11514282226562,92.8848503112793,93.58722251600364,92.18247810655495,132.906071153965
2024-09-26 00:00:00+00:00,93.0009994506836,93.0009994506836,93.07757132393974,92.86995010375976,93.54753548277436,92.19236472474516,32.9857680474611
2024-09-27 00:00:00+00:00,93.36799621582031,93.36799621582031,93.11528560093471,92.89444999694824,93.60775357931344,92.18114641458304,110.98121002725556
